,Product_Name,Description,Reviews,Prices
0,"SAMSUNG Galaxy F13 (Nightsky Green, 64 GB)",4 GB RAM | 64 GB ROM | Expandable Upto 1 TB16.76 cm (6.6 inch) Full HD+ Display50MP + 5MP + 2MP | 8MP Front Camera6000 mAh Lithium Ion BatteryExynos 850 Processor1 Year Warranty Provided By the Manufacturer from Date of Purchase,4.3,9599
1,"POCO C51 (Royal Blue, 64 GB)",4 GB RAM | 64 GB ROM | Expandable Upto 1 TB16.56 cm (6.52 inch) HD+ Display8MP Dual Rear Camera | 5MP Front Camera5000 mAh BatteryHelio G36 Processor1 Year Manufacturer Warranty for Phone and 6 Months Warranty for in the Box Accessories,4.1,6499
2,"POCO C51 (Power Black, 64 GB)",4 GB RAM | 64 GB ROM | Expandable Upto 1 TB16.56 cm (6.52 inch) HD+ Display8MP Dual Rear Camera | 5MP Front Camera5000 mAh BatteryHelio G36 Processor1 Year Manufacturer Warranty for Phone and 6 Months Warranty for in the Box Accessories,4.1,6499
3,"SAMSUNG Galaxy F13 (Waterfall Blue, 64 GB)",4 GB RAM | 64 GB ROM | Expandable Upto 1 TB16.76 cm (6.6 inch) Full HD+ Display50MP + 5MP + 2MP | 8MP Front Camera6000 mAh Lithium Ion BatteryExynos 850 Processor1 Year Warranty Provided By the Manufacturer from Date of Purchase,4.3,9599
4,"vivo T2x 5G (Glimmer Black, 128 GB)",6 GB RAM | 128 GB ROM16.71 cm (6.58 inch) Full HD+ Display50MP + 2MP | 8MP Front Camera5000 mAh BatteryDimensity 6020 Processor1 Year of Device & 6 Months for Inbox Accessories,4.4,13999
5,"vivo T2x 5G (Marine Blue, 128 GB)",6 GB RAM | 128 GB ROM16.71 cm (6.58 inch) Full HD+ Display50MP + 2MP | 8MP Front Camera5000 mAh BatteryDimensity 6020 Processor1 Year of Device & 6 Months for Inbox Accessories,4.4,13999
6,"vivo T2x 5G (Glimmer Black, 128 GB)",4 GB RAM | 128 GB ROM16.71 cm (6.58 inch) Full HD+ Display50MP + 2MP | 8MP Front Camera5000 mAh BatteryDimensity 6020 Processor1 Year of Device & 6 Months for Inbox Accessories,4.4,12999
7,"vivo T2x 5G (Aurora Gold, 128 GB)",4 GB RAM | 128 GB ROM16.71 cm (6.58 inch) Full HD+ Display50MP + 2MP | 8MP Front Camera5000 mAh BatteryDimensity 6020 Processor1 Year of Device & 6 Months for Inbox Accessories,4.4,12999
8,"POCO C50 (Royal Blue, 32 GB)","2 GB RAM | 32 GB ROM | Expandable Upto 512 GB16.56 cm (6.52 inch) HD+ Display8MP Dual Camera | 5MP Front Camera5000 mAh Lithium Polymer BatteryMediatek Helio A22 Processor, Upto 2.0 GHz Processor1 Year Manufacturer Warranty for Phone and 6 Months Warranty for In the Box Accessories",4.2,5499
9,"POCO M6 Pro 5G (Power Black, 64 GB)",4 GB RAM | 64 GB ROM | Expandable Upto 1 TB17.25 cm (6.79 inch) Full HD+ Display50MP + 2MP | 8MP Front Camera5000 mAh BatterySnapdragon 4 Gen 2 Processor1 Year Manufacturer Warranty for Phone and 6 Months Warranty for In the Box Accessories,4.5,10999
10,"POCO C55 (Power Black, 128 GB)",6 GB RAM | 128 GB ROM | Expandable Upto 1 TB17.04 cm (6.71 inch) HD+ Display50MP Dual Rear Camera | 5MP Front Camera5000 mAh BatteryMediatek Helio G85 Processor1 Year Manufacturer Warranty for Phone and 6 Months Warranty for In the Box Accessories,4.2,8499
11,"Infinix SMART 7 (Azure Blue, 64 GB)",4 GB RAM | 64 GB ROM | Expandable Upto 2 TB16.76 cm (6.6 inch) HD+ Display13MP + AI Lens | 5MP Front Camera6000 mAh BatteryUnisoc Spreadtrum SC9863A1 Processor1 Year on Handset and 6 Months on Accessories,4.3,6999
12,"POCO C55 (Cool Blue, 128 GB)",6 GB RAM | 128 GB ROM | Expandable Upto 1 TB17.04 cm (6.71 inch) HD+ Display50MP Dual Rear Camera | 5MP Front Camera5000 mAh BatteryMediatek Helio G85 Processor1 Year Manufacturer Warranty for Phone and 6 Months Warranty for In the Box Accessories,4.2,8499
13,"SAMSUNG Galaxy F13 (Sunrise Copper, 64 GB)",4 GB RAM | 64 GB ROM | Expandable Upto 1 TB16.76 cm (6.6 inch) Full HD+ Display50MP + 5MP + 2MP | 8MP Front Camera6000 mAh Lithium Ion BatteryExynos 850 Processor1 Year Warranty Provided By the Manufacturer from Date of Purchase,4.3,9599
14,"Infinix SMART 7 (Azure Blue, 128 GB)",4 GB RAM | 128 GB ROM | Expandable Upto 512 GB16.76 cm (6.6 inch) HD+ Display13MP + AI Lens | 5MP Front Camera6000 mAh BatteryUnisoc Spreadtrum SC9863A1 Processor1 Year on Handset and 6 Months on Accessories,4.3,7599
15,"Infinix SMART 7 (Night Black, 128 GB)",4 GB RAM | 128 GB ROM | Expandable Upto 512 GB16.76 cm (6.6 inch) HD+ Display13MP + AI Lens | 5MP Front Camera6000 mAh BatteryUnisoc Spreadtrum SC9863A1 Processor1 Year on Handset and 6 Months on Accessories,4.3,7599
16,"Infinix SMART 7 (Emerald Green, 128 GB)",4 GB RAM | 128 GB ROM | Expandable Upto 512 GB16.76 cm (6.6 inch) HD+ Display13MP + AI Lens | 5MP Front Camera6000 mAh BatteryUnisoc Spreadtrum SC9863A1 Processor1 Year on Handset and 6 Months on Accessories,4.3,7599
17,"Infinix SMART 7 (Emerald Green, 64 GB)",4 GB RAM | 64 GB ROM | Expandable Upto 2 TB16.76 cm (6.6 inch) HD+ Display13MP + AI Lens | 5MP Front Camera6000 mAh BatteryUnisoc Spreadtrum SC9863A1 Processor1 Year on Handset and 6 Months on Accessories,4.3,6999
18,"SAMSUNG Galaxy F04 (Jade Purple, 64 GB)",4 GB RAM | 64 GB ROM | Expandable Upto 1 TB16.51 cm (6.5 inch) HD Display13MP + 2MP | 5MP Front Camera5000 mAh Lithium-Ion BatteryMediatek Helio P35 Processor1 Year Manufacturer Warranty for Device and 6 Months Manufacturer Warranty for In-Box Accessories,4.2,7099
19,"vivo T2x 5G (Aurora Gold, 128 GB)",6 GB RAM | 128 GB ROM16.71 cm (6.58 inch) Full HD+ Display50MP + 2MP | 8MP Front Camera5000 mAh BatteryDimensity 6020 Processor1 Year of Device & 6 Months for Inbox Accessories,4.4,13999
20,"POCO C55 (Forest Green, 128 GB)",6 GB RAM | 128 GB ROM | Expandable Upto 1 TB17.04 cm (6.71 inch) HD+ Display50MP Dual Rear Camera | 5MP Front Camera5000 mAh BatteryMediatek Helio G85 Processor1 Year Manufacturer Warranty for Phone and 6 Months Warranty for In the Box Accessories,4.2,8499
21,"POCO C55 (Cool Blue, 64 GB)",4 GB RAM | 64 GB ROM | Expandable Upto 1 TB17.04 cm (6.71 inch) HD+ Display50MP Dual Rear Camera | 5MP Front Camera5000 mAh BatteryMediatek Helio G85 Processor1 Year Manufacturer Warranty for Phone and 6 Months Warranty for In the Box Accessories,4.2,7499
22,"MOTOROLA e13 (Cosmic Black, 64 GB)",4 GB RAM | 64 GB ROM | Expandable Upto 1 TB16.51 cm (6.5 inch) HD+ Display13MP Rear Camera | 5MP Front Camera5000 mAh BatteryUnisoc T606 Processor1 Year on Handset and 6 Months on Accessories,4,7299
23,"MOTOROLA e13 (Aurora Green, 64 GB)",4 GB RAM | 64 GB ROM | Expandable Upto 1 TB16.51 cm (6.5 inch) HD+ Display13MP Rear Camera | 5MP Front Camera5000 mAh BatteryUnisoc T606 Processor1 Year on Handset and 6 Months on Accessories,4,7299
24,"SAMSUNG Galaxy F13 (Nightsky Green, 64 GB)",4 GB RAM | 64 GB ROM | Expandable Upto 1 TB16.76 cm (6.6 inch) Full HD+ Display50MP + 5MP + 2MP | 8MP Front Camera6000 mAh Lithium Ion BatteryExynos 850 Processor1 Year Warranty Provided By the Manufacturer from Date of Purchase,4.3,9599
25,"POCO C51 (Royal Blue, 64 GB)",4 GB RAM | 64 GB ROM | Expandable Upto 1 TB16.56 cm (6.52 inch) HD+ Display8MP Dual Rear Camera | 5MP Front Camera5000 mAh BatteryHelio G36 Processor1 Year Manufacturer Warranty for Phone and 6 Months Warranty for in the Box Accessories,4.1,6499
26,"POCO C51 (Power Black, 64 GB)",4 GB RAM | 64 GB ROM | Expandable Upto 1 TB16.56 cm (6.52 inch) HD+ Display8MP Dual Rear Camera | 5MP Front Camera5000 mAh BatteryHelio G36 Processor1 Year Manufacturer Warranty for Phone and 6 Months Warranty for in the Box Accessories,4.1,6499
27,"SAMSUNG Galaxy F13 (Waterfall Blue, 64 GB)",4 GB RAM | 64 GB ROM | Expandable Upto 1 TB16.76 cm (6.6 inch) Full HD+ Display50MP + 5MP + 2MP | 8MP Front Camera6000 mAh Lithium Ion BatteryExynos 850 Processor1 Year Warranty Provided By the Manufacturer from Date of Purchase,4.3,9599
28,"vivo T2x 5G (Glimmer Black, 128 GB)",6 GB RAM | 128 GB ROM16.71 cm (6.58 inch) Full HD+ Display50MP + 2MP | 8MP Front Camera5000 mAh BatteryDimensity 6020 Processor1 Year of Device & 6 Months for Inbox Accessories,4.4,13999
29,"vivo T2x 5G (Marine Blue, 128 GB)",6 GB RAM | 128 GB ROM16.71 cm (6.58 inch) Full HD+ Display50MP + 2MP | 8MP Front Camera5000 mAh BatteryDimensity 6020 Processor1 Year of Device & 6 Months for Inbox Accessories,4.4,13999
30,"vivo T2x 5G (Glimmer Black, 128 GB)",4 GB RAM | 128 GB ROM16.71 cm (6.58 inch) Full HD+ Display50MP + 2MP | 8MP Front Camera5000 mAh BatteryDimensity 6020 Processor1 Year of Device & 6 Months for Inbox Accessories,4.4,12999
31,"vivo T2x 5G (Aurora Gold, 128 GB)",4 GB RAM | 128 GB ROM16.71 cm (6.58 inch) Full HD+ Display50MP + 2MP | 8MP Front Camera5000 mAh BatteryDimensity 6020 Processor1 Year of Device & 6 Months for Inbox Accessories,4.4,12999
32,"POCO C50 (Royal Blue, 32 GB)","2 GB RAM | 32 GB ROM | Expandable Upto 512 GB16.56 cm (6.52 inch) HD+ Display8MP Dual Camera | 5MP Front Camera5000 mAh Lithium Polymer BatteryMediatek Helio A22 Processor, Upto 2.0 GHz Processor1 Year Manufacturer Warranty for Phone and 6 Months Warranty for In the Box Accessories",4.2,5499
33,"POCO M6 Pro 5G (Power Black, 64 GB)",4 GB RAM | 64 GB ROM | Expandable Upto 1 TB17.25 cm (6.79 inch) Full HD+ Display50MP + 2MP | 8MP Front Camera5000 mAh BatterySnapdragon 4 Gen 2 Processor1 Year Manufacturer Warranty for Phone and 6 Months Warranty for In the Box Accessories,4.5,10999
34,"POCO C55 (Power Black, 128 GB)",6 GB RAM | 128 GB ROM | Expandable Upto 1 TB17.04 cm (6.71 inch) HD+ Display50MP Dual Rear Camera | 5MP Front Camera5000 mAh BatteryMediatek Helio G85 Processor1 Year Manufacturer Warranty for Phone and 6 Months Warranty for In the Box Accessories,4.2,8499
35,"Infinix SMART 7 (Azure Blue, 64 GB)",4 GB RAM | 64 GB ROM | Expandable Upto 2 TB16.76 cm (6.6 inch) HD+ Display13MP + AI Lens | 5MP Front Camera6000 mAh BatteryUnisoc Spreadtrum SC9863A1 Processor1 Year on Handset and 6 Months on Accessories,4.3,6999
36,"POCO C55 (Cool Blue, 128 GB)",6 GB RAM | 128 GB ROM | Expandable Upto 1 TB17.04 cm (6.71 inch) HD+ Display50MP Dual Rear Camera | 5MP Front Camera5000 mAh BatteryMediatek Helio G85 Processor1 Year Manufacturer Warranty for Phone and 6 Months Warranty for In the Box Accessories,4.2,8499
37,"SAMSUNG Galaxy F13 (Sunrise Copper, 64 GB)",4 GB RAM | 64 GB ROM | Expandable Upto 1 TB16.76 cm (6.6 inch) Full HD+ Display50MP + 5MP + 2MP | 8MP Front Camera6000 mAh Lithium Ion BatteryExynos 850 Processor1 Year Warranty Provided By the Manufacturer from Date of Purchase,4.3,9599
38,"Infinix SMART 7 (Azure Blue, 128 GB)",4 GB RAM | 128 GB ROM | Expandable Upto 512 GB16.76 cm (6.6 inch) HD+ Display13MP + AI Lens | 5MP Front Camera6000 mAh BatteryUnisoc Spreadtrum SC9863A1 Processor1 Year on Handset and 6 Months on Accessories,4.3,7599
39,"Infinix SMART 7 (Night Black, 128 GB)",4 GB RAM | 128 GB ROM | Expandable Upto 512 GB16.76 cm (6.6 inch) HD+ Display13MP + AI Lens | 5MP Front Camera6000 mAh BatteryUnisoc Spreadtrum SC9863A1 Processor1 Year on Handset and 6 Months on Accessories,4.3,7599
40,"Infinix SMART 7 (Emerald Green, 128 GB)",4 GB RAM | 128 GB ROM | Expandable Upto 512 GB16.76 cm (6.6 inch) HD+ Display13MP + AI Lens | 5MP Front Camera6000 mAh BatteryUnisoc Spreadtrum SC9863A1 Processor1 Year on Handset and 6 Months on Accessories,4.3,7599
41,"Infinix SMART 7 (Emerald Green, 64 GB)",4 GB RAM | 64 GB ROM | Expandable Upto 2 TB16.76 cm (6.6 inch) HD+ Display13MP + AI Lens | 5MP Front Camera6000 mAh BatteryUnisoc Spreadtrum SC9863A1 Processor1 Year on Handset and 6 Months on Accessories,4.3,6999
42,"SAMSUNG Galaxy F04 (Jade Purple, 64 GB)",4 GB RAM | 64 GB ROM | Expandable Upto 1 TB16.51 cm (6.5 inch) HD Display13MP + 2MP | 5MP Front Camera5000 mAh Lithium-Ion BatteryMediatek Helio P35 Processor1 Year Manufacturer Warranty for Device and 6 Months Manufacturer Warranty for In-Box Accessories,4.2,7099
43,"vivo T2x 5G (Aurora Gold, 128 GB)",6 GB RAM | 128 GB ROM16.71 cm (6.58 inch) Full HD+ Display50MP + 2MP | 8MP Front Camera5000 mAh BatteryDimensity 6020 Processor1 Year of Device & 6 Months for Inbox Accessories,4.4,13999
44,"POCO C55 (Forest Green, 128 GB)",6 GB RAM | 128 GB ROM | Expandable Upto 1 TB17.04 cm (6.71 inch) HD+ Display50MP Dual Rear Camera | 5MP Front Camera5000 mAh BatteryMediatek Helio G85 Processor1 Year Manufacturer Warranty for Phone and 6 Months Warranty for In the Box Accessories,4.2,8499
45,"POCO C55 (Cool Blue, 64 GB)",4 GB RAM | 64 GB ROM | Expandable Upto 1 TB17.04 cm (6.71 inch) HD+ Display50MP Dual Rear Camera | 5MP Front Camera5000 mAh BatteryMediatek Helio G85 Processor1 Year Manufacturer Warranty for Phone and 6 Months Warranty for In the Box Accessories,4.2,7499
46,"MOTOROLA e13 (Cosmic Black, 64 GB)",4 GB RAM | 64 GB ROM | Expandable Upto 1 TB16.51 cm (6.5 inch) HD+ Display13MP Rear Camera | 5MP Front Camera5000 mAh BatteryUnisoc T606 Processor1 Year on Handset and 6 Months on Accessories,4,7299
47,"MOTOROLA e13 (Aurora Green, 64 GB)",4 GB RAM | 64 GB ROM | Expandable Upto 1 TB16.51 cm (6.5 inch) HD+ Display13MP Rear Camera | 5MP Front Camera5000 mAh BatteryUnisoc T606 Processor1 Year on Handset and 6 Months on Accessories,4,7299
48,"POCO C51 (Power Black, 64 GB)",4 GB RAM | 64 GB ROM | Expandable Upto 1 TB16.56 cm (6.52 inch) HD+ Display8MP Dual Rear Camera | 5MP Front Camera5000 mAh BatteryHelio G36 Processor1 Year Manufacturer Warranty for Phone and 6 Months Warranty for in the Box Accessories,4.1,6499
49,"POCO C51 (Royal Blue, 64 GB)",4 GB RAM | 64 GB ROM | Expandable Upto 1 TB16.56 cm (6.52 inch) HD+ Display8MP Dual Rear Camera | 5MP Front Camera5000 mAh BatteryHelio G36 Processor1 Year Manufacturer Warranty for Phone and 6 Months Warranty for in the Box Accessories,4.1,6499
50,"vivo T2x 5G (Aurora Gold, 128 GB)",6 GB RAM | 128 GB ROM16.71 cm (6.58 inch) Full HD+ Display50MP + 2MP | 8MP Front Camera5000 mAh BatteryDimensity 6020 Processor1 Year of Device & 6 Months for Inbox Accessories,4.4,13999
51,"POCO C50 (Royal Blue, 32 GB)","2 GB RAM | 32 GB ROM | Expandable Upto 512 GB16.56 cm (6.52 inch) HD+ Display8MP Dual Camera | 5MP Front Camera5000 mAh Lithium Polymer BatteryMediatek Helio A22 Processor, Upto 2.0 GHz Processor1 Year Manufacturer Warranty for Phone and 6 Months Warranty for In the Box Accessories",4.2,5499
52,"vivo T2x 5G (Marine Blue, 128 GB)",6 GB RAM | 128 GB ROM16.71 cm (6.58 inch) Full HD+ Display50MP + 2MP | 8MP Front Camera5000 mAh BatteryDimensity 6020 Processor1 Year of Device & 6 Months for Inbox Accessories,4.4,13999
53,"vivo T2x 5G (Glimmer Black, 128 GB)",6 GB RAM | 128 GB ROM16.71 cm (6.58 inch) Full HD+ Display50MP + 2MP | 8MP Front Camera5000 mAh BatteryDimensity 6020 Processor1 Year of Device & 6 Months for Inbox Accessories,4.4,13999
54,"vivo T2x 5G (Glimmer Black, 128 GB)",4 GB RAM | 128 GB ROM16.71 cm (6.58 inch) Full HD+ Display50MP + 2MP | 8MP Front Camera5000 mAh BatteryDimensity 6020 Processor1 Year of Device & 6 Months for Inbox Accessories,4.4,12999
55,"vivo T2x 5G (Aurora Gold, 128 GB)",4 GB RAM | 128 GB ROM16.71 cm (6.58 inch) Full HD+ Display50MP + 2MP | 8MP Front Camera5000 mAh BatteryDimensity 6020 Processor1 Year of Device & 6 Months for Inbox Accessories,4.4,12999
56,"Infinix SMART 7 (Azure Blue, 64 GB)",4 GB RAM | 64 GB ROM | Expandable Upto 2 TB16.76 cm (6.6 inch) HD+ Display13MP + AI Lens | 5MP Front Camera6000 mAh BatteryUnisoc Spreadtrum SC9863A1 Processor1 Year on Handset and 6 Months on Accessories,4.3,6999
57,"Infinix SMART 7 (Night Black, 128 GB)",4 GB RAM | 128 GB ROM | Expandable Upto 512 GB16.76 cm (6.6 inch) HD+ Display13MP + AI Lens | 5MP Front Camera6000 mAh BatteryUnisoc Spreadtrum SC9863A1 Processor1 Year on Handset and 6 Months on Accessories,4.3,7599
58,"Infinix SMART 7 (Emerald Green, 128 GB)",4 GB RAM | 128 GB ROM | Expandable Upto 512 GB16.76 cm (6.6 inch) HD+ Display13MP + AI Lens | 5MP Front Camera6000 mAh BatteryUnisoc Spreadtrum SC9863A1 Processor1 Year on Handset and 6 Months on Accessories,4.3,7599
59,"Infinix SMART 7 (Emerald Green, 64 GB)",4 GB RAM | 64 GB ROM | Expandable Upto 2 TB16.76 cm (6.6 inch) HD+ Display13MP + AI Lens | 5MP Front Camera6000 mAh BatteryUnisoc Spreadtrum SC9863A1 Processor1 Year on Handset and 6 Months on Accessories,4.3,6999
60,"POCO C55 (Cool Blue, 128 GB)",6 GB RAM | 128 GB ROM | Expandable Upto 1 TB17.04 cm (6.71 inch) HD+ Display50MP Dual Rear Camera | 5MP Front Camera5000 mAh BatteryMediatek Helio G85 Processor1 Year Manufacturer Warranty for Phone and 6 Months Warranty for In the Box Accessories,4.2,8499
61,"Infinix SMART 7 (Azure Blue, 128 GB)",4 GB RAM | 128 GB ROM | Expandable Upto 512 GB16.76 cm (6.6 inch) HD+ Display13MP + AI Lens | 5MP Front Camera6000 mAh BatteryUnisoc Spreadtrum SC9863A1 Processor1 Year on Handset and 6 Months on Accessories,4.3,7599
62,"POCO M6 Pro 5G (Power Black, 64 GB)",4 GB RAM | 64 GB ROM | Expandable Upto 1 TB17.25 cm (6.79 inch) Full HD+ Display50MP + 2MP | 8MP Front Camera5000 mAh BatterySnapdragon 4 Gen 2 Processor1 Year Manufacturer Warranty for Phone and 6 Months Warranty for In the Box Accessories,4.5,10999
63,"POCO C55 (Power Black, 128 GB)",6 GB RAM | 128 GB ROM | Expandable Upto 1 TB17.04 cm (6.71 inch) HD+ Display50MP Dual Rear Camera | 5MP Front Camera5000 mAh BatteryMediatek Helio G85 Processor1 Year Manufacturer Warranty for Phone and 6 Months Warranty for In the Box Accessories,4.2,8499
64,"Infinix SMART 7 (Night Black, 64 GB)",4 GB RAM | 64 GB ROM | Expandable Upto 2 TB16.76 cm (6.6 inch) HD+ Display13MP + AI Lens | 5MP Front Camera6000 mAh BatteryUnisoc Spreadtrum SC9863A1 Processor1 Year on Handset and 6 Months on Accessories,4.3,6999
65,"POCO C55 (Forest Green, 128 GB)",6 GB RAM | 128 GB ROM | Expandable Upto 1 TB17.04 cm (6.71 inch) HD+ Display50MP Dual Rear Camera | 5MP Front Camera5000 mAh BatteryMediatek Helio G85 Processor1 Year Manufacturer Warranty for Phone and 6 Months Warranty for In the Box Accessories,4.2,8499
66,"MOTOROLA G32 (Mineral Gray, 128 GB)",8 GB RAM | 128 GB ROM16.51 cm (6.5 inch) Full HD+ Display50MP + 8MP + 2MP | 16MP Front Camera5000 mAh Lithium Polymer BatteryQualcomm Snapdragon 680 Processor1 Year on Handset and 6 Months on Accessories,4.1,11999
67,"POCO C55 (Cool Blue, 64 GB)",4 GB RAM | 64 GB ROM | Expandable Upto 1 TB17.04 cm (6.71 inch) HD+ Display50MP Dual Rear Camera | 5MP Front Camera5000 mAh BatteryMediatek Helio G85 Processor1 Year Manufacturer Warranty for Phone and 6 Months Warranty for In the Box Accessories,4.2,7499
68,"POCO C55 (Forest Green, 64 GB)",4 GB RAM | 64 GB ROM | Expandable Upto 1 TB17.04 cm (6.71 inch) HD+ Display50MP Dual Rear Camera | 5MP Front Camera5000 mAh BatteryMediatek Helio G85 Processor1 Year Manufacturer Warranty for Phone and 6 Months Warranty for In the Box Accessories,4.2,7499
69,"MOTOROLA e13 (Cosmic Black, 64 GB)",4 GB RAM | 64 GB ROM | Expandable Upto 1 TB16.51 cm (6.5 inch) HD+ Display13MP Rear Camera | 5MP Front Camera5000 mAh BatteryUnisoc T606 Processor1 Year on Handset and 6 Months on Accessories,4,7299
70,"MOTOROLA e32 (Arctic Blue, 64 GB)",4 GB RAM | 64 GB ROM | Expandable Upto 1 TB16.51 cm (6.5 inch) HD+ Display50MP + 2MP | 8MP Front Camera5000 mAh BatteryMediatek Helio G37 Processor1 Year on Handset and 6 Months on Accessories,3.9,7999
71,"MOTOROLA e13 (Aurora Green, 64 GB)",4 GB RAM | 64 GB ROM | Expandable Upto 1 TB16.51 cm (6.5 inch) HD+ Display13MP Rear Camera | 5MP Front Camera5000 mAh BatteryUnisoc T606 Processor1 Year on Handset and 6 Months on Accessories,4,7299
72,"SAMSUNG Galaxy F13 (Nightsky Green, 64 GB)",4 GB RAM | 64 GB ROM | Expandable Upto 1 TB16.76 cm (6.6 inch) Full HD+ Display50MP + 5MP + 2MP | 8MP Front Camera6000 mAh Lithium Ion BatteryExynos 850 Processor1 Year Warranty Provided By the Manufacturer from Date of Purchase,4.3,9599
73,"POCO C51 (Royal Blue, 64 GB)",4 GB RAM | 64 GB ROM | Expandable Upto 1 TB16.56 cm (6.52 inch) HD+ Display8MP Dual Rear Camera | 5MP Front Camera5000 mAh BatteryHelio G36 Processor1 Year Manufacturer Warranty for Phone and 6 Months Warranty for in the Box Accessories,4.1,6499
74,"POCO C51 (Power Black, 64 GB)",4 GB RAM | 64 GB ROM | Expandable Upto 1 TB16.56 cm (6.52 inch) HD+ Display8MP Dual Rear Camera | 5MP Front Camera5000 mAh BatteryHelio G36 Processor1 Year Manufacturer Warranty for Phone and 6 Months Warranty for in the Box Accessories,4.1,6499
75,"SAMSUNG Galaxy F13 (Waterfall Blue, 64 GB)",4 GB RAM | 64 GB ROM | Expandable Upto 1 TB16.76 cm (6.6 inch) Full HD+ Display50MP + 5MP + 2MP | 8MP Front Camera6000 mAh Lithium Ion BatteryExynos 850 Processor1 Year Warranty Provided By the Manufacturer from Date of Purchase,4.3,9599
76,"vivo T2x 5G (Glimmer Black, 128 GB)",6 GB RAM | 128 GB ROM16.71 cm (6.58 inch) Full HD+ Display50MP + 2MP | 8MP Front Camera5000 mAh BatteryDimensity 6020 Processor1 Year of Device & 6 Months for Inbox Accessories,4.4,13999
77,"vivo T2x 5G (Marine Blue, 128 GB)",6 GB RAM | 128 GB ROM16.71 cm (6.58 inch) Full HD+ Display50MP + 2MP | 8MP Front Camera5000 mAh BatteryDimensity 6020 Processor1 Year of Device & 6 Months for Inbox Accessories,4.4,13999
78,"vivo T2x 5G (Glimmer Black, 128 GB)",4 GB RAM | 128 GB ROM16.71 cm (6.58 inch) Full HD+ Display50MP + 2MP | 8MP Front Camera5000 mAh BatteryDimensity 6020 Processor1 Year of Device & 6 Months for Inbox Accessories,4.4,12999
79,"vivo T2x 5G (Aurora Gold, 128 GB)",4 GB RAM | 128 GB ROM16.71 cm (6.58 inch) Full HD+ Display50MP + 2MP | 8MP Front Camera5000 mAh BatteryDimensity 6020 Processor1 Year of Device & 6 Months for Inbox Accessories,4.4,12999
80,"POCO C50 (Royal Blue, 32 GB)","2 GB RAM | 32 GB ROM | Expandable Upto 512 GB16.56 cm (6.52 inch) HD+ Display8MP Dual Camera | 5MP Front Camera5000 mAh Lithium Polymer BatteryMediatek Helio A22 Processor, Upto 2.0 GHz Processor1 Year Manufacturer Warranty for Phone and 6 Months Warranty for In the Box Accessories",4.2,5499
81,"POCO M6 Pro 5G (Power Black, 64 GB)",4 GB RAM | 64 GB ROM | Expandable Upto 1 TB17.25 cm (6.79 inch) Full HD+ Display50MP + 2MP | 8MP Front Camera5000 mAh BatterySnapdragon 4 Gen 2 Processor1 Year Manufacturer Warranty for Phone and 6 Months Warranty for In the Box Accessories,4.5,10999
82,"POCO C55 (Power Black, 128 GB)",6 GB RAM | 128 GB ROM | Expandable Upto 1 TB17.04 cm (6.71 inch) HD+ Display50MP Dual Rear Camera | 5MP Front Camera5000 mAh BatteryMediatek Helio G85 Processor1 Year Manufacturer Warranty for Phone and 6 Months Warranty for In the Box Accessories,4.2,8499
83,"Infinix SMART 7 (Azure Blue, 64 GB)",4 GB RAM | 64 GB ROM | Expandable Upto 2 TB16.76 cm (6.6 inch) HD+ Display13MP + AI Lens | 5MP Front Camera6000 mAh BatteryUnisoc Spreadtrum SC9863A1 Processor1 Year on Handset and 6 Months on Accessories,4.3,6999
84,"POCO C55 (Cool Blue, 128 GB)",6 GB RAM | 128 GB ROM | Expandable Upto 1 TB17.04 cm (6.71 inch) HD+ Display50MP Dual Rear Camera | 5MP Front Camera5000 mAh BatteryMediatek Helio G85 Processor1 Year Manufacturer Warranty for Phone and 6 Months Warranty for In the Box Accessories,4.2,8499
85,"SAMSUNG Galaxy F13 (Sunrise Copper, 64 GB)",4 GB RAM | 64 GB ROM | Expandable Upto 1 TB16.76 cm (6.6 inch) Full HD+ Display50MP + 5MP + 2MP | 8MP Front Camera6000 mAh Lithium Ion BatteryExynos 850 Processor1 Year Warranty Provided By the Manufacturer from Date of Purchase,4.3,9599
86,"Infinix SMART 7 (Azure Blue, 128 GB)",4 GB RAM | 128 GB ROM | Expandable Upto 512 GB16.76 cm (6.6 inch) HD+ Display13MP + AI Lens | 5MP Front Camera6000 mAh BatteryUnisoc Spreadtrum SC9863A1 Processor1 Year on Handset and 6 Months on Accessories,4.3,7599
87,"Infinix SMART 7 (Night Black, 128 GB)",4 GB RAM | 128 GB ROM | Expandable Upto 512 GB16.76 cm (6.6 inch) HD+ Display13MP + AI Lens | 5MP Front Camera6000 mAh BatteryUnisoc Spreadtrum SC9863A1 Processor1 Year on Handset and 6 Months on Accessories,4.3,7599
88,"Infinix SMART 7 (Emerald Green, 128 GB)",4 GB RAM | 128 GB ROM | Expandable Upto 512 GB16.76 cm (6.6 inch) HD+ Display13MP + AI Lens | 5MP Front Camera6000 mAh BatteryUnisoc Spreadtrum SC9863A1 Processor1 Year on Handset and 6 Months on Accessories,4.3,7599
89,"Infinix SMART 7 (Emerald Green, 64 GB)",4 GB RAM | 64 GB ROM | Expandable Upto 2 TB16.76 cm (6.6 inch) HD+ Display13MP + AI Lens | 5MP Front Camera6000 mAh BatteryUnisoc Spreadtrum SC9863A1 Processor1 Year on Handset and 6 Months on Accessories,4.3,6999
90,"SAMSUNG Galaxy F04 (Jade Purple, 64 GB)",4 GB RAM | 64 GB ROM | Expandable Upto 1 TB16.51 cm (6.5 inch) HD Display13MP + 2MP | 5MP Front Camera5000 mAh Lithium-Ion BatteryMediatek Helio P35 Processor1 Year Manufacturer Warranty for Device and 6 Months Manufacturer Warranty for In-Box Accessories,4.2,7099
91,"vivo T2x 5G (Aurora Gold, 128 GB)",6 GB RAM | 128 GB ROM16.71 cm (6.58 inch) Full HD+ Display50MP + 2MP | 8MP Front Camera5000 mAh BatteryDimensity 6020 Processor1 Year of Device & 6 Months for Inbox Accessories,4.4,13999
92,"POCO C55 (Forest Green, 128 GB)",6 GB RAM | 128 GB ROM | Expandable Upto 1 TB17.04 cm (6.71 inch) HD+ Display50MP Dual Rear Camera | 5MP Front Camera5000 mAh BatteryMediatek Helio G85 Processor1 Year Manufacturer Warranty for Phone and 6 Months Warranty for In the Box Accessories,4.2,8499
93,"POCO C55 (Cool Blue, 64 GB)",4 GB RAM | 64 GB ROM | Expandable Upto 1 TB17.04 cm (6.71 inch) HD+ Display50MP Dual Rear Camera | 5MP Front Camera5000 mAh BatteryMediatek Helio G85 Processor1 Year Manufacturer Warranty for Phone and 6 Months Warranty for In the Box Accessories,4.2,7499
94,"MOTOROLA e13 (Cosmic Black, 64 GB)",4 GB RAM | 64 GB ROM | Expandable Upto 1 TB16.51 cm (6.5 inch) HD+ Display13MP Rear Camera | 5MP Front Camera5000 mAh BatteryUnisoc T606 Processor1 Year on Handset and 6 Months on Accessories,4,7299
95,"MOTOROLA e13 (Aurora Green, 64 GB)",4 GB RAM | 64 GB ROM | Expandable Upto 1 TB16.51 cm (6.5 inch) HD+ Display13MP Rear Camera | 5MP Front Camera5000 mAh BatteryUnisoc T606 Processor1 Year on Handset and 6 Months on Accessories,4,7299
96,"POCO C51 (Power Black, 64 GB)",4 GB RAM | 64 GB ROM | Expandable Upto 1 TB16.56 cm (6.52 inch) HD+ Display8MP Dual Rear Camera | 5MP Front Camera5000 mAh BatteryHelio G36 Processor1 Year Manufacturer Warranty for Phone and 6 Months Warranty for in the Box Accessories,4.1,6499
97,"POCO C51 (Royal Blue, 64 GB)",4 GB RAM | 64 GB ROM | Expandable Upto 1 TB16.56 cm (6.52 inch) HD+ Display8MP Dual Rear Camera | 5MP Front Camera5000 mAh BatteryHelio G36 Processor1 Year Manufacturer Warranty for Phone and 6 Months Warranty for in the Box Accessories,4.1,6499
98,"vivo T2x 5G (Aurora Gold, 128 GB)",6 GB RAM | 128 GB ROM16.71 cm (6.58 inch) Full HD+ Display50MP + 2MP | 8MP Front Camera5000 mAh BatteryDimensity 6020 Processor1 Year of Device & 6 Months for Inbox Accessories,4.4,13999
99,"POCO C50 (Royal Blue, 32 GB)","2 GB RAM | 32 GB ROM | Expandable Upto 512 GB16.56 cm (6.52 inch) HD+ Display8MP Dual Camera | 5MP Front Camera5000 mAh Lithium Polymer BatteryMediatek Helio A22 Processor, Upto 2.0 GHz Processor1 Year Manufacturer Warranty for Phone and 6 Months Warranty for In the Box Accessories",4.2,5499
100,"vivo T2x 5G (Marine Blue, 128 GB)",6 GB RAM | 128 GB ROM16.71 cm (6.58 inch) Full HD+ Display50MP + 2MP | 8MP Front Camera5000 mAh BatteryDimensity 6020 Processor1 Year of Device & 6 Months for Inbox Accessories,4.4,13999
101,"vivo T2x 5G (Glimmer Black, 128 GB)",6 GB RAM | 128 GB ROM16.71 cm (6.58 inch) Full HD+ Display50MP + 2MP | 8MP Front Camera5000 mAh BatteryDimensity 6020 Processor1 Year of Device & 6 Months for Inbox Accessories,4.4,13999
102,"vivo T2x 5G (Glimmer Black, 128 GB)",4 GB RAM | 128 GB ROM16.71 cm (6.58 inch) Full HD+ Display50MP + 2MP | 8MP Front Camera5000 mAh BatteryDimensity 6020 Processor1 Year of Device & 6 Months for Inbox Accessories,4.4,12999
103,"vivo T2x 5G (Aurora Gold, 128 GB)",4 GB RAM | 128 GB ROM16.71 cm (6.58 inch) Full HD+ Display50MP + 2MP | 8MP Front Camera5000 mAh BatteryDimensity 6020 Processor1 Year of Device & 6 Months for Inbox Accessories,4.4,12999
104,"Infinix SMART 7 (Azure Blue, 64 GB)",4 GB RAM | 64 GB ROM | Expandable Upto 2 TB16.76 cm (6.6 inch) HD+ Display13MP + AI Lens | 5MP Front Camera6000 mAh BatteryUnisoc Spreadtrum SC9863A1 Processor1 Year on Handset and 6 Months on Accessories,4.3,6999
105,"Infinix SMART 7 (Night Black, 128 GB)",4 GB RAM | 128 GB ROM | Expandable Upto 512 GB16.76 cm (6.6 inch) HD+ Display13MP + AI Lens | 5MP Front Camera6000 mAh BatteryUnisoc Spreadtrum SC9863A1 Processor1 Year on Handset and 6 Months on Accessories,4.3,7599
106,"Infinix SMART 7 (Emerald Green, 128 GB)",4 GB RAM | 128 GB ROM | Expandable Upto 512 GB16.76 cm (6.6 inch) HD+ Display13MP + AI Lens | 5MP Front Camera6000 mAh BatteryUnisoc Spreadtrum SC9863A1 Processor1 Year on Handset and 6 Months on Accessories,4.3,7599
107,"Infinix SMART 7 (Emerald Green, 64 GB)",4 GB RAM | 64 GB ROM | Expandable Upto 2 TB16.76 cm (6.6 inch) HD+ Display13MP + AI Lens | 5MP Front Camera6000 mAh BatteryUnisoc Spreadtrum SC9863A1 Processor1 Year on Handset and 6 Months on Accessories,4.3,6999
108,"POCO C55 (Cool Blue, 128 GB)",6 GB RAM | 128 GB ROM | Expandable Upto 1 TB17.04 cm (6.71 inch) HD+ Display50MP Dual Rear Camera | 5MP Front Camera5000 mAh BatteryMediatek Helio G85 Processor1 Year Manufacturer Warranty for Phone and 6 Months Warranty for In the Box Accessories,4.2,8499
109,"Infinix SMART 7 (Azure Blue, 128 GB)",4 GB RAM | 128 GB ROM | Expandable Upto 512 GB16.76 cm (6.6 inch) HD+ Display13MP + AI Lens | 5MP Front Camera6000 mAh BatteryUnisoc Spreadtrum SC9863A1 Processor1 Year on Handset and 6 Months on Accessories,4.3,7599
110,"POCO M6 Pro 5G (Power Black, 64 GB)",4 GB RAM | 64 GB ROM | Expandable Upto 1 TB17.25 cm (6.79 inch) Full HD+ Display50MP + 2MP | 8MP Front Camera5000 mAh BatterySnapdragon 4 Gen 2 Processor1 Year Manufacturer Warranty for Phone and 6 Months Warranty for In the Box Accessories,4.5,10999
111,"POCO C55 (Power Black, 128 GB)",6 GB RAM | 128 GB ROM | Expandable Upto 1 TB17.04 cm (6.71 inch) HD+ Display50MP Dual Rear Camera | 5MP Front Camera5000 mAh BatteryMediatek Helio G85 Processor1 Year Manufacturer Warranty for Phone and 6 Months Warranty for In the Box Accessories,4.2,8499
112,"Infinix SMART 7 (Night Black, 64 GB)",4 GB RAM | 64 GB ROM | Expandable Upto 2 TB16.76 cm (6.6 inch) HD+ Display13MP + AI Lens | 5MP Front Camera6000 mAh BatteryUnisoc Spreadtrum SC9863A1 Processor1 Year on Handset and 6 Months on Accessories,4.3,6999
113,"POCO C55 (Forest Green, 128 GB)",6 GB RAM | 128 GB ROM | Expandable Upto 1 TB17.04 cm (6.71 inch) HD+ Display50MP Dual Rear Camera | 5MP Front Camera5000 mAh BatteryMediatek Helio G85 Processor1 Year Manufacturer Warranty for Phone and 6 Months Warranty for In the Box Accessories,4.2,8499
114,"MOTOROLA G32 (Mineral Gray, 128 GB)",8 GB RAM | 128 GB ROM16.51 cm (6.5 inch) Full HD+ Display50MP + 8MP + 2MP | 16MP Front Camera5000 mAh Lithium Polymer BatteryQualcomm Snapdragon 680 Processor1 Year on Handset and 6 Months on Accessories,4.1,11999
115,"POCO C55 (Cool Blue, 64 GB)",4 GB RAM | 64 GB ROM | Expandable Upto 1 TB17.04 cm (6.71 inch) HD+ Display50MP Dual Rear Camera | 5MP Front Camera5000 mAh BatteryMediatek Helio G85 Processor1 Year Manufacturer Warranty for Phone and 6 Months Warranty for In the Box Accessories,4.2,7499
116,"POCO C55 (Forest Green, 64 GB)",4 GB RAM | 64 GB ROM | Expandable Upto 1 TB17.04 cm (6.71 inch) HD+ Display50MP Dual Rear Camera | 5MP Front Camera5000 mAh BatteryMediatek Helio G85 Processor1 Year Manufacturer Warranty for Phone and 6 Months Warranty for In the Box Accessories,4.2,7499
117,"MOTOROLA e13 (Cosmic Black, 64 GB)",4 GB RAM | 64 GB ROM | Expandable Upto 1 TB16.51 cm (6.5 inch) HD+ Display13MP Rear Camera | 5MP Front Camera5000 mAh BatteryUnisoc T606 Processor1 Year on Handset and 6 Months on Accessories,4,7299
118,"MOTOROLA e32 (Arctic Blue, 64 GB)",4 GB RAM | 64 GB ROM | Expandable Upto 1 TB16.51 cm (6.5 inch) HD+ Display50MP + 2MP | 8MP Front Camera5000 mAh BatteryMediatek Helio G37 Processor1 Year on Handset and 6 Months on Accessories,3.9,7999
119,"MOTOROLA e13 (Aurora Green, 64 GB)",4 GB RAM | 64 GB ROM | Expandable Upto 1 TB16.51 cm (6.5 inch) HD+ Display13MP Rear Camera | 5MP Front Camera5000 mAh BatteryUnisoc T606 Processor1 Year on Handset and 6 Months on Accessories,4,7299
120,"SAMSUNG Galaxy F13 (Nightsky Green, 64 GB)",4 GB RAM | 64 GB ROM | Expandable Upto 1 TB16.76 cm (6.6 inch) Full HD+ Display50MP + 5MP + 2MP | 8MP Front Camera6000 mAh Lithium Ion BatteryExynos 850 Processor1 Year Warranty Provided By the Manufacturer from Date of Purchase,4.3,9599
121,"POCO C51 (Royal Blue, 64 GB)",4 GB RAM | 64 GB ROM | Expandable Upto 1 TB16.56 cm (6.52 inch) HD+ Display8MP Dual Rear Camera | 5MP Front Camera5000 mAh BatteryHelio G36 Processor1 Year Manufacturer Warranty for Phone and 6 Months Warranty for in the Box Accessories,4.1,6499
122,"POCO C51 (Power Black, 64 GB)",4 GB RAM | 64 GB ROM | Expandable Upto 1 TB16.56 cm (6.52 inch) HD+ Display8MP Dual Rear Camera | 5MP Front Camera5000 mAh BatteryHelio G36 Processor1 Year Manufacturer Warranty for Phone and 6 Months Warranty for in the Box Accessories,4.1,6499
123,"SAMSUNG Galaxy F13 (Waterfall Blue, 64 GB)",4 GB RAM | 64 GB ROM | Expandable Upto 1 TB16.76 cm (6.6 inch) Full HD+ Display50MP + 5MP + 2MP | 8MP Front Camera6000 mAh Lithium Ion BatteryExynos 850 Processor1 Year Warranty Provided By the Manufacturer from Date of Purchase,4.3,9599
124,"vivo T2x 5G (Glimmer Black, 128 GB)",6 GB RAM | 128 GB ROM16.71 cm (6.58 inch) Full HD+ Display50MP + 2MP | 8MP Front Camera5000 mAh BatteryDimensity 6020 Processor1 Year of Device & 6 Months for Inbox Accessories,4.4,13999
125,"vivo T2x 5G (Marine Blue, 128 GB)",6 GB RAM | 128 GB ROM16.71 cm (6.58 inch) Full HD+ Display50MP + 2MP | 8MP Front Camera5000 mAh BatteryDimensity 6020 Processor1 Year of Device & 6 Months for Inbox Accessories,4.4,13999
126,"vivo T2x 5G (Glimmer Black, 128 GB)",4 GB RAM | 128 GB ROM16.71 cm (6.58 inch) Full HD+ Display50MP + 2MP | 8MP Front Camera5000 mAh BatteryDimensity 6020 Processor1 Year of Device & 6 Months for Inbox Accessories,4.4,12999
127,"vivo T2x 5G (Aurora Gold, 128 GB)",4 GB RAM | 128 GB ROM16.71 cm (6.58 inch) Full HD+ Display50MP + 2MP | 8MP Front Camera5000 mAh BatteryDimensity 6020 Processor1 Year of Device & 6 Months for Inbox Accessories,4.4,12999
128,"POCO C50 (Royal Blue, 32 GB)","2 GB RAM | 32 GB ROM | Expandable Upto 512 GB16.56 cm (6.52 inch) HD+ Display8MP Dual Camera | 5MP Front Camera5000 mAh Lithium Polymer BatteryMediatek Helio A22 Processor, Upto 2.0 GHz Processor1 Year Manufacturer Warranty for Phone and 6 Months Warranty for In the Box Accessories",4.2,5499
129,"POCO M6 Pro 5G (Power Black, 64 GB)",4 GB RAM | 64 GB ROM | Expandable Upto 1 TB17.25 cm (6.79 inch) Full HD+ Display50MP + 2MP | 8MP Front Camera5000 mAh BatterySnapdragon 4 Gen 2 Processor1 Year Manufacturer Warranty for Phone and 6 Months Warranty for In the Box Accessories,4.5,10999
130,"POCO C55 (Power Black, 128 GB)",6 GB RAM | 128 GB ROM | Expandable Upto 1 TB17.04 cm (6.71 inch) HD+ Display50MP Dual Rear Camera | 5MP Front Camera5000 mAh BatteryMediatek Helio G85 Processor1 Year Manufacturer Warranty for Phone and 6 Months Warranty for In the Box Accessories,4.2,8499
131,"Infinix SMART 7 (Azure Blue, 64 GB)",4 GB RAM | 64 GB ROM | Expandable Upto 2 TB16.76 cm (6.6 inch) HD+ Display13MP + AI Lens | 5MP Front Camera6000 mAh BatteryUnisoc Spreadtrum SC9863A1 Processor1 Year on Handset and 6 Months on Accessories,4.3,6999
132,"POCO C55 (Cool Blue, 128 GB)",6 GB RAM | 128 GB ROM | Expandable Upto 1 TB17.04 cm (6.71 inch) HD+ Display50MP Dual Rear Camera | 5MP Front Camera5000 mAh BatteryMediatek Helio G85 Processor1 Year Manufacturer Warranty for Phone and 6 Months Warranty for In the Box Accessories,4.2,8499
133,"SAMSUNG Galaxy F13 (Sunrise Copper, 64 GB)",4 GB RAM | 64 GB ROM | Expandable Upto 1 TB16.76 cm (6.6 inch) Full HD+ Display50MP + 5MP + 2MP | 8MP Front Camera6000 mAh Lithium Ion BatteryExynos 850 Processor1 Year Warranty Provided By the Manufacturer from Date of Purchase,4.3,9599
134,"Infinix SMART 7 (Azure Blue, 128 GB)",4 GB RAM | 128 GB ROM | Expandable Upto 512 GB16.76 cm (6.6 inch) HD+ Display13MP + AI Lens | 5MP Front Camera6000 mAh BatteryUnisoc Spreadtrum SC9863A1 Processor1 Year on Handset and 6 Months on Accessories,4.3,7599
135,"Infinix SMART 7 (Night Black, 128 GB)",4 GB RAM | 128 GB ROM | Expandable Upto 512 GB16.76 cm (6.6 inch) HD+ Display13MP + AI Lens | 5MP Front Camera6000 mAh BatteryUnisoc Spreadtrum SC9863A1 Processor1 Year on Handset and 6 Months on Accessories,4.3,7599
136,"Infinix SMART 7 (Emerald Green, 128 GB)",4 GB RAM | 128 GB ROM | Expandable Upto 512 GB16.76 cm (6.6 inch) HD+ Display13MP + AI Lens | 5MP Front Camera6000 mAh BatteryUnisoc Spreadtrum SC9863A1 Processor1 Year on Handset and 6 Months on Accessories,4.3,7599
137,"Infinix SMART 7 (Emerald Green, 64 GB)",4 GB RAM | 64 GB ROM | Expandable Upto 2 TB16.76 cm (6.6 inch) HD+ Display13MP + AI Lens | 5MP Front Camera6000 mAh BatteryUnisoc Spreadtrum SC9863A1 Processor1 Year on Handset and 6 Months on Accessories,4.3,6999
138,"SAMSUNG Galaxy F04 (Jade Purple, 64 GB)",4 GB RAM | 64 GB ROM | Expandable Upto 1 TB16.51 cm (6.5 inch) HD Display13MP + 2MP | 5MP Front Camera5000 mAh Lithium-Ion BatteryMediatek Helio P35 Processor1 Year Manufacturer Warranty for Device and 6 Months Manufacturer Warranty for In-Box Accessories,4.2,7099
139,"vivo T2x 5G (Aurora Gold, 128 GB)",6 GB RAM | 128 GB ROM16.71 cm (6.58 inch) Full HD+ Display50MP + 2MP | 8MP Front Camera5000 mAh BatteryDimensity 6020 Processor1 Year of Device & 6 Months for Inbox Accessories,4.4,13999
140,"POCO C55 (Forest Green, 128 GB)",6 GB RAM | 128 GB ROM | Expandable Upto 1 TB17.04 cm (6.71 inch) HD+ Display50MP Dual Rear Camera | 5MP Front Camera5000 mAh BatteryMediatek Helio G85 Processor1 Year Manufacturer Warranty for Phone and 6 Months Warranty for In the Box Accessories,4.2,8499
141,"POCO C55 (Cool Blue, 64 GB)",4 GB RAM | 64 GB ROM | Expandable Upto 1 TB17.04 cm (6.71 inch) HD+ Display50MP Dual Rear Camera | 5MP Front Camera5000 mAh BatteryMediatek Helio G85 Processor1 Year Manufacturer Warranty for Phone and 6 Months Warranty for In the Box Accessories,4.2,7499
142,"MOTOROLA e13 (Cosmic Black, 64 GB)",4 GB RAM | 64 GB ROM | Expandable Upto 1 TB16.51 cm (6.5 inch) HD+ Display13MP Rear Camera | 5MP Front Camera5000 mAh BatteryUnisoc T606 Processor1 Year on Handset and 6 Months on Accessories,4,7299
143,"MOTOROLA e13 (Aurora Green, 64 GB)",4 GB RAM | 64 GB ROM | Expandable Upto 1 TB16.51 cm (6.5 inch) HD+ Display13MP Rear Camera | 5MP Front Camera5000 mAh BatteryUnisoc T606 Processor1 Year on Handset and 6 Months on Accessories,4,7299
144,"SAMSUNG Galaxy F13 (Nightsky Green, 64 GB)",4 GB RAM | 64 GB ROM | Expandable Upto 1 TB16.76 cm (6.6 inch) Full HD+ Display50MP + 5MP + 2MP | 8MP Front Camera6000 mAh Lithium Ion BatteryExynos 850 Processor1 Year Warranty Provided By the Manufacturer from Date of Purchase,4.3,9599
145,"POCO C51 (Royal Blue, 64 GB)",4 GB RAM | 64 GB ROM | Expandable Upto 1 TB16.56 cm (6.52 inch) HD+ Display8MP Dual Rear Camera | 5MP Front Camera5000 mAh BatteryHelio G36 Processor1 Year Manufacturer Warranty for Phone and 6 Months Warranty for in the Box Accessories,4.1,6499
146,"POCO C51 (Power Black, 64 GB)",4 GB RAM | 64 GB ROM | Expandable Upto 1 TB16.56 cm (6.52 inch) HD+ Display8MP Dual Rear Camera | 5MP Front Camera5000 mAh BatteryHelio G36 Processor1 Year Manufacturer Warranty for Phone and 6 Months Warranty for in the Box Accessories,4.1,6499
147,"SAMSUNG Galaxy F13 (Waterfall Blue, 64 GB)",4 GB RAM | 64 GB ROM | Expandable Upto 1 TB16.76 cm (6.6 inch) Full HD+ Display50MP + 5MP + 2MP | 8MP Front Camera6000 mAh Lithium Ion BatteryExynos 850 Processor1 Year Warranty Provided By the Manufacturer from Date of Purchase,4.3,9599
148,"vivo T2x 5G (Glimmer Black, 128 GB)",6 GB RAM | 128 GB ROM16.71 cm (6.58 inch) Full HD+ Display50MP + 2MP | 8MP Front Camera5000 mAh BatteryDimensity 6020 Processor1 Year of Device & 6 Months for Inbox Accessories,4.4,13999
149,"vivo T2x 5G (Marine Blue, 128 GB)",6 GB RAM | 128 GB ROM16.71 cm (6.58 inch) Full HD+ Display50MP + 2MP | 8MP Front Camera5000 mAh BatteryDimensity 6020 Processor1 Year of Device & 6 Months for Inbox Accessories,4.4,13999
150,"vivo T2x 5G (Glimmer Black, 128 GB)",4 GB RAM | 128 GB ROM16.71 cm (6.58 inch) Full HD+ Display50MP + 2MP | 8MP Front Camera5000 mAh BatteryDimensity 6020 Processor1 Year of Device & 6 Months for Inbox Accessories,4.4,12999
151,"vivo T2x 5G (Aurora Gold, 128 GB)",4 GB RAM | 128 GB ROM16.71 cm (6.58 inch) Full HD+ Display50MP + 2MP | 8MP Front Camera5000 mAh BatteryDimensity 6020 Processor1 Year of Device & 6 Months for Inbox Accessories,4.4,12999
152,"POCO C50 (Royal Blue, 32 GB)","2 GB RAM | 32 GB ROM | Expandable Upto 512 GB16.56 cm (6.52 inch) HD+ Display8MP Dual Camera | 5MP Front Camera5000 mAh Lithium Polymer BatteryMediatek Helio A22 Processor, Upto 2.0 GHz Processor1 Year Manufacturer Warranty for Phone and 6 Months Warranty for In the Box Accessories",4.2,5499
153,"POCO M6 Pro 5G (Power Black, 64 GB)",4 GB RAM | 64 GB ROM | Expandable Upto 1 TB17.25 cm (6.79 inch) Full HD+ Display50MP + 2MP | 8MP Front Camera5000 mAh BatterySnapdragon 4 Gen 2 Processor1 Year Manufacturer Warranty for Phone and 6 Months Warranty for In the Box Accessories,4.5,10999
154,"POCO C55 (Power Black, 128 GB)",6 GB RAM | 128 GB ROM | Expandable Upto 1 TB17.04 cm (6.71 inch) HD+ Display50MP Dual Rear Camera | 5MP Front Camera5000 mAh BatteryMediatek Helio G85 Processor1 Year Manufacturer Warranty for Phone and 6 Months Warranty for In the Box Accessories,4.2,8499
155,"Infinix SMART 7 (Azure Blue, 64 GB)",4 GB RAM | 64 GB ROM | Expandable Upto 2 TB16.76 cm (6.6 inch) HD+ Display13MP + AI Lens | 5MP Front Camera6000 mAh BatteryUnisoc Spreadtrum SC9863A1 Processor1 Year on Handset and 6 Months on Accessories,4.3,6999
156,"POCO C55 (Cool Blue, 128 GB)",6 GB RAM | 128 GB ROM | Expandable Upto 1 TB17.04 cm (6.71 inch) HD+ Display50MP Dual Rear Camera | 5MP Front Camera5000 mAh BatteryMediatek Helio G85 Processor1 Year Manufacturer Warranty for Phone and 6 Months Warranty for In the Box Accessories,4.2,8499
157,"SAMSUNG Galaxy F13 (Sunrise Copper, 64 GB)",4 GB RAM | 64 GB ROM | Expandable Upto 1 TB16.76 cm (6.6 inch) Full HD+ Display50MP + 5MP + 2MP | 8MP Front Camera6000 mAh Lithium Ion BatteryExynos 850 Processor1 Year Warranty Provided By the Manufacturer from Date of Purchase,4.3,9599
158,"Infinix SMART 7 (Azure Blue, 128 GB)",4 GB RAM | 128 GB ROM | Expandable Upto 512 GB16.76 cm (6.6 inch) HD+ Display13MP + AI Lens | 5MP Front Camera6000 mAh BatteryUnisoc Spreadtrum SC9863A1 Processor1 Year on Handset and 6 Months on Accessories,4.3,7599
159,"Infinix SMART 7 (Night Black, 128 GB)",4 GB RAM | 128 GB ROM | Expandable Upto 512 GB16.76 cm (6.6 inch) HD+ Display13MP + AI Lens | 5MP Front Camera6000 mAh BatteryUnisoc Spreadtrum SC9863A1 Processor1 Year on Handset and 6 Months on Accessories,4.3,7599
160,"Infinix SMART 7 (Emerald Green, 128 GB)",4 GB RAM | 128 GB ROM | Expandable Upto 512 GB16.76 cm (6.6 inch) HD+ Display13MP + AI Lens | 5MP Front Camera6000 mAh BatteryUnisoc Spreadtrum SC9863A1 Processor1 Year on Handset and 6 Months on Accessories,4.3,7599
161,"Infinix SMART 7 (Emerald Green, 64 GB)",4 GB RAM | 64 GB ROM | Expandable Upto 2 TB16.76 cm (6.6 inch) HD+ Display13MP + AI Lens | 5MP Front Camera6000 mAh BatteryUnisoc Spreadtrum SC9863A1 Processor1 Year on Handset and 6 Months on Accessories,4.3,6999
162,"SAMSUNG Galaxy F04 (Jade Purple, 64 GB)",4 GB RAM | 64 GB ROM | Expandable Upto 1 TB16.51 cm (6.5 inch) HD Display13MP + 2MP | 5MP Front Camera5000 mAh Lithium-Ion BatteryMediatek Helio P35 Processor1 Year Manufacturer Warranty for Device and 6 Months Manufacturer Warranty for In-Box Accessories,4.2,7099
163,"vivo T2x 5G (Aurora Gold, 128 GB)",6 GB RAM | 128 GB ROM16.71 cm (6.58 inch) Full HD+ Display50MP + 2MP | 8MP Front Camera5000 mAh BatteryDimensity 6020 Processor1 Year of Device & 6 Months for Inbox Accessories,4.4,13999
164,"POCO C55 (Forest Green, 128 GB)",6 GB RAM | 128 GB ROM | Expandable Upto 1 TB17.04 cm (6.71 inch) HD+ Display50MP Dual Rear Camera | 5MP Front Camera5000 mAh BatteryMediatek Helio G85 Processor1 Year Manufacturer Warranty for Phone and 6 Months Warranty for In the Box Accessories,4.2,8499
165,"POCO C55 (Cool Blue, 64 GB)",4 GB RAM | 64 GB ROM | Expandable Upto 1 TB17.04 cm (6.71 inch) HD+ Display50MP Dual Rear Camera | 5MP Front Camera5000 mAh BatteryMediatek Helio G85 Processor1 Year Manufacturer Warranty for Phone and 6 Months Warranty for In the Box Accessories,4.2,7499
166,"MOTOROLA e13 (Cosmic Black, 64 GB)",4 GB RAM | 64 GB ROM | Expandable Upto 1 TB16.51 cm (6.5 inch) HD+ Display13MP Rear Camera | 5MP Front Camera5000 mAh BatteryUnisoc T606 Processor1 Year on Handset and 6 Months on Accessories,4,7299
167,"MOTOROLA e13 (Aurora Green, 64 GB)",4 GB RAM | 64 GB ROM | Expandable Upto 1 TB16.51 cm (6.5 inch) HD+ Display13MP Rear Camera | 5MP Front Camera5000 mAh BatteryUnisoc T606 Processor1 Year on Handset and 6 Months on Accessories,4,7299
168,"SAMSUNG Galaxy F13 (Nightsky Green, 64 GB)",4 GB RAM | 64 GB ROM | Expandable Upto 1 TB16.76 cm (6.6 inch) Full HD+ Display50MP + 5MP + 2MP | 8MP Front Camera6000 mAh Lithium Ion BatteryExynos 850 Processor1 Year Warranty Provided By the Manufacturer from Date of Purchase,4.3,9599
169,"POCO C51 (Royal Blue, 64 GB)",4 GB RAM | 64 GB ROM | Expandable Upto 1 TB16.56 cm (6.52 inch) HD+ Display8MP Dual Rear Camera | 5MP Front Camera5000 mAh BatteryHelio G36 Processor1 Year Manufacturer Warranty for Phone and 6 Months Warranty for in the Box Accessories,4.1,6499
170,"POCO C51 (Power Black, 64 GB)",4 GB RAM | 64 GB ROM | Expandable Upto 1 TB16.56 cm (6.52 inch) HD+ Display8MP Dual Rear Camera | 5MP Front Camera5000 mAh BatteryHelio G36 Processor1 Year Manufacturer Warranty for Phone and 6 Months Warranty for in the Box Accessories,4.1,6499
171,"SAMSUNG Galaxy F13 (Waterfall Blue, 64 GB)",4 GB RAM | 64 GB ROM | Expandable Upto 1 TB16.76 cm (6.6 inch) Full HD+ Display50MP + 5MP + 2MP | 8MP Front Camera6000 mAh Lithium Ion BatteryExynos 850 Processor1 Year Warranty Provided By the Manufacturer from Date of Purchase,4.3,9599
172,"vivo T2x 5G (Glimmer Black, 128 GB)",6 GB RAM | 128 GB ROM16.71 cm (6.58 inch) Full HD+ Display50MP + 2MP | 8MP Front Camera5000 mAh BatteryDimensity 6020 Processor1 Year of Device & 6 Months for Inbox Accessories,4.4,13999
173,"vivo T2x 5G (Marine Blue, 128 GB)",6 GB RAM | 128 GB ROM16.71 cm (6.58 inch) Full HD+ Display50MP + 2MP | 8MP Front Camera5000 mAh BatteryDimensity 6020 Processor1 Year of Device & 6 Months for Inbox Accessories,4.4,13999
174,"vivo T2x 5G (Glimmer Black, 128 GB)",4 GB RAM | 128 GB ROM16.71 cm (6.58 inch) Full HD+ Display50MP + 2MP | 8MP Front Camera5000 mAh BatteryDimensity 6020 Processor1 Year of Device & 6 Months for Inbox Accessories,4.4,12999
175,"vivo T2x 5G (Aurora Gold, 128 GB)",4 GB RAM | 128 GB ROM16.71 cm (6.58 inch) Full HD+ Display50MP + 2MP | 8MP Front Camera5000 mAh BatteryDimensity 6020 Processor1 Year of Device & 6 Months for Inbox Accessories,4.4,12999
176,"POCO C50 (Royal Blue, 32 GB)","2 GB RAM | 32 GB ROM | Expandable Upto 512 GB16.56 cm (6.52 inch) HD+ Display8MP Dual Camera | 5MP Front Camera5000 mAh Lithium Polymer BatteryMediatek Helio A22 Processor, Upto 2.0 GHz Processor1 Year Manufacturer Warranty for Phone and 6 Months Warranty for In the Box Accessories",4.2,5499
177,"POCO M6 Pro 5G (Power Black, 64 GB)",4 GB RAM | 64 GB ROM | Expandable Upto 1 TB17.25 cm (6.79 inch) Full HD+ Display50MP + 2MP | 8MP Front Camera5000 mAh BatterySnapdragon 4 Gen 2 Processor1 Year Manufacturer Warranty for Phone and 6 Months Warranty for In the Box Accessories,4.5,10999
178,"POCO C55 (Power Black, 128 GB)",6 GB RAM | 128 GB ROM | Expandable Upto 1 TB17.04 cm (6.71 inch) HD+ Display50MP Dual Rear Camera | 5MP Front Camera5000 mAh BatteryMediatek Helio G85 Processor1 Year Manufacturer Warranty for Phone and 6 Months Warranty for In the Box Accessories,4.2,8499
179,"Infinix SMART 7 (Azure Blue, 64 GB)",4 GB RAM | 64 GB ROM | Expandable Upto 2 TB16.76 cm (6.6 inch) HD+ Display13MP + AI Lens | 5MP Front Camera6000 mAh BatteryUnisoc Spreadtrum SC9863A1 Processor1 Year on Handset and 6 Months on Accessories,4.3,6999
180,"POCO C55 (Cool Blue, 128 GB)",6 GB RAM | 128 GB ROM | Expandable Upto 1 TB17.04 cm (6.71 inch) HD+ Display50MP Dual Rear Camera | 5MP Front Camera5000 mAh BatteryMediatek Helio G85 Processor1 Year Manufacturer Warranty for Phone and 6 Months Warranty for In the Box Accessories,4.2,8499
181,"SAMSUNG Galaxy F13 (Sunrise Copper, 64 GB)",4 GB RAM | 64 GB ROM | Expandable Upto 1 TB16.76 cm (6.6 inch) Full HD+ Display50MP + 5MP + 2MP | 8MP Front Camera6000 mAh Lithium Ion BatteryExynos 850 Processor1 Year Warranty Provided By the Manufacturer from Date of Purchase,4.3,9599
182,"Infinix SMART 7 (Azure Blue, 128 GB)",4 GB RAM | 128 GB ROM | Expandable Upto 512 GB16.76 cm (6.6 inch) HD+ Display13MP + AI Lens | 5MP Front Camera6000 mAh BatteryUnisoc Spreadtrum SC9863A1 Processor1 Year on Handset and 6 Months on Accessories,4.3,7599
183,"Infinix SMART 7 (Night Black, 128 GB)",4 GB RAM | 128 GB ROM | Expandable Upto 512 GB16.76 cm (6.6 inch) HD+ Display13MP + AI Lens | 5MP Front Camera6000 mAh BatteryUnisoc Spreadtrum SC9863A1 Processor1 Year on Handset and 6 Months on Accessories,4.3,7599
184,"Infinix SMART 7 (Emerald Green, 128 GB)",4 GB RAM | 128 GB ROM | Expandable Upto 512 GB16.76 cm (6.6 inch) HD+ Display13MP + AI Lens | 5MP Front Camera6000 mAh BatteryUnisoc Spreadtrum SC9863A1 Processor1 Year on Handset and 6 Months on Accessories,4.3,7599
185,"Infinix SMART 7 (Emerald Green, 64 GB)",4 GB RAM | 64 GB ROM | Expandable Upto 2 TB16.76 cm (6.6 inch) HD+ Display13MP + AI Lens | 5MP Front Camera6000 mAh BatteryUnisoc Spreadtrum SC9863A1 Processor1 Year on Handset and 6 Months on Accessories,4.3,6999
186,"SAMSUNG Galaxy F04 (Jade Purple, 64 GB)",4 GB RAM | 64 GB ROM | Expandable Upto 1 TB16.51 cm (6.5 inch) HD Display13MP + 2MP | 5MP Front Camera5000 mAh Lithium-Ion BatteryMediatek Helio P35 Processor1 Year Manufacturer Warranty for Device and 6 Months Manufacturer Warranty for In-Box Accessories,4.2,7099
187,"vivo T2x 5G (Aurora Gold, 128 GB)",6 GB RAM | 128 GB ROM16.71 cm (6.58 inch) Full HD+ Display50MP + 2MP | 8MP Front Camera5000 mAh BatteryDimensity 6020 Processor1 Year of Device & 6 Months for Inbox Accessories,4.4,13999
188,"POCO C55 (Forest Green, 128 GB)",6 GB RAM | 128 GB ROM | Expandable Upto 1 TB17.04 cm (6.71 inch) HD+ Display50MP Dual Rear Camera | 5MP Front Camera5000 mAh BatteryMediatek Helio G85 Processor1 Year Manufacturer Warranty for Phone and 6 Months Warranty for In the Box Accessories,4.2,8499
189,"POCO C55 (Cool Blue, 64 GB)",4 GB RAM | 64 GB ROM | Expandable Upto 1 TB17.04 cm (6.71 inch) HD+ Display50MP Dual Rear Camera | 5MP Front Camera5000 mAh BatteryMediatek Helio G85 Processor1 Year Manufacturer Warranty for Phone and 6 Months Warranty for In the Box Accessories,4.2,7499
190,"MOTOROLA e13 (Cosmic Black, 64 GB)",4 GB RAM | 64 GB ROM | Expandable Upto 1 TB16.51 cm (6.5 inch) HD+ Display13MP Rear Camera | 5MP Front Camera5000 mAh BatteryUnisoc T606 Processor1 Year on Handset and 6 Months on Accessories,4,7299
191,"MOTOROLA e13 (Aurora Green, 64 GB)",4 GB RAM | 64 GB ROM | Expandable Upto 1 TB16.51 cm (6.5 inch) HD+ Display13MP Rear Camera | 5MP Front Camera5000 mAh BatteryUnisoc T606 Processor1 Year on Handset and 6 Months on Accessories,4,7299
192,"POCO C51 (Power Black, 64 GB)",4 GB RAM | 64 GB ROM | Expandable Upto 1 TB16.56 cm (6.52 inch) HD+ Display8MP Dual Rear Camera | 5MP Front Camera5000 mAh BatteryHelio G36 Processor1 Year Manufacturer Warranty for Phone and 6 Months Warranty for in the Box Accessories,4.1,6499
193,"POCO C51 (Royal Blue, 64 GB)",4 GB RAM | 64 GB ROM | Expandable Upto 1 TB16.56 cm (6.52 inch) HD+ Display8MP Dual Rear Camera | 5MP Front Camera5000 mAh BatteryHelio G36 Processor1 Year Manufacturer Warranty for Phone and 6 Months Warranty for in the Box Accessories,4.1,6499
194,"vivo T2x 5G (Aurora Gold, 128 GB)",6 GB RAM | 128 GB ROM16.71 cm (6.58 inch) Full HD+ Display50MP + 2MP | 8MP Front Camera5000 mAh BatteryDimensity 6020 Processor1 Year of Device & 6 Months for Inbox Accessories,4.4,13999
195,"POCO C50 (Royal Blue, 32 GB)","2 GB RAM | 32 GB ROM | Expandable Upto 512 GB16.56 cm (6.52 inch) HD+ Display8MP Dual Camera | 5MP Front Camera5000 mAh Lithium Polymer BatteryMediatek Helio A22 Processor, Upto 2.0 GHz Processor1 Year Manufacturer Warranty for Phone and 6 Months Warranty for In the Box Accessories",4.2,5499
196,"vivo T2x 5G (Marine Blue, 128 GB)",6 GB RAM | 128 GB ROM16.71 cm (6.58 inch) Full HD+ Display50MP + 2MP | 8MP Front Camera5000 mAh BatteryDimensity 6020 Processor1 Year of Device & 6 Months for Inbox Accessories,4.4,13999
197,"vivo T2x 5G (Glimmer Black, 128 GB)",6 GB RAM | 128 GB ROM16.71 cm (6.58 inch) Full HD+ Display50MP + 2MP | 8MP Front Camera5000 mAh BatteryDimensity 6020 Processor1 Year of Device & 6 Months for Inbox Accessories,4.4,13999
198,"vivo T2x 5G (Glimmer Black, 128 GB)",4 GB RAM | 128 GB ROM16.71 cm (6.58 inch) Full HD+ Display50MP + 2MP | 8MP Front Camera5000 mAh BatteryDimensity 6020 Processor1 Year of Device & 6 Months for Inbox Accessories,4.4,12999
199,"vivo T2x 5G (Aurora Gold, 128 GB)",4 GB RAM | 128 GB ROM16.71 cm (6.58 inch) Full HD+ Display50MP + 2MP | 8MP Front Camera5000 mAh BatteryDimensity 6020 Processor1 Year of Device & 6 Months for Inbox Accessories,4.4,12999
200,"Infinix SMART 7 (Azure Blue, 64 GB)",4 GB RAM | 64 GB ROM | Expandable Upto 2 TB16.76 cm (6.6 inch) HD+ Display13MP + AI Lens | 5MP Front Camera6000 mAh BatteryUnisoc Spreadtrum SC9863A1 Processor1 Year on Handset and 6 Months on Accessories,4.3,6999
201,"Infinix SMART 7 (Night Black, 128 GB)",4 GB RAM | 128 GB ROM | Expandable Upto 512 GB16.76 cm (6.6 inch) HD+ Display13MP + AI Lens | 5MP Front Camera6000 mAh BatteryUnisoc Spreadtrum SC9863A1 Processor1 Year on Handset and 6 Months on Accessories,4.3,7599
202,"Infinix SMART 7 (Emerald Green, 128 GB)",4 GB RAM | 128 GB ROM | Expandable Upto 512 GB16.76 cm (6.6 inch) HD+ Display13MP + AI Lens | 5MP Front Camera6000 mAh BatteryUnisoc Spreadtrum SC9863A1 Processor1 Year on Handset and 6 Months on Accessories,4.3,7599
203,"Infinix SMART 7 (Emerald Green, 64 GB)",4 GB RAM | 64 GB ROM | Expandable Upto 2 TB16.76 cm (6.6 inch) HD+ Display13MP + AI Lens | 5MP Front Camera6000 mAh BatteryUnisoc Spreadtrum SC9863A1 Processor1 Year on Handset and 6 Months on Accessories,4.3,6999
204,"POCO C55 (Cool Blue, 128 GB)",6 GB RAM | 128 GB ROM | Expandable Upto 1 TB17.04 cm (6.71 inch) HD+ Display50MP Dual Rear Camera | 5MP Front Camera5000 mAh BatteryMediatek Helio G85 Processor1 Year Manufacturer Warranty for Phone and 6 Months Warranty for In the Box Accessories,4.2,8499
205,"Infinix SMART 7 (Azure Blue, 128 GB)",4 GB RAM | 128 GB ROM | Expandable Upto 512 GB16.76 cm (6.6 inch) HD+ Display13MP + AI Lens | 5MP Front Camera6000 mAh BatteryUnisoc Spreadtrum SC9863A1 Processor1 Year on Handset and 6 Months on Accessories,4.3,7599
206,"POCO M6 Pro 5G (Power Black, 64 GB)",4 GB RAM | 64 GB ROM | Expandable Upto 1 TB17.25 cm (6.79 inch) Full HD+ Display50MP + 2MP | 8MP Front Camera5000 mAh BatterySnapdragon 4 Gen 2 Processor1 Year Manufacturer Warranty for Phone and 6 Months Warranty for In the Box Accessories,4.5,10999
207,"POCO C55 (Power Black, 128 GB)",6 GB RAM | 128 GB ROM | Expandable Upto 1 TB17.04 cm (6.71 inch) HD+ Display50MP Dual Rear Camera | 5MP Front Camera5000 mAh BatteryMediatek Helio G85 Processor1 Year Manufacturer Warranty for Phone and 6 Months Warranty for In the Box Accessories,4.2,8499
208,"Infinix SMART 7 (Night Black, 64 GB)",4 GB RAM | 64 GB ROM | Expandable Upto 2 TB16.76 cm (6.6 inch) HD+ Display13MP + AI Lens | 5MP Front Camera6000 mAh BatteryUnisoc Spreadtrum SC9863A1 Processor1 Year on Handset and 6 Months on Accessories,4.3,6999
209,"POCO C55 (Forest Green, 128 GB)",6 GB RAM | 128 GB ROM | Expandable Upto 1 TB17.04 cm (6.71 inch) HD+ Display50MP Dual Rear Camera | 5MP Front Camera5000 mAh BatteryMediatek Helio G85 Processor1 Year Manufacturer Warranty for Phone and 6 Months Warranty for In the Box Accessories,4.2,8499
210,"MOTOROLA G32 (Mineral Gray, 128 GB)",8 GB RAM | 128 GB ROM16.51 cm (6.5 inch) Full HD+ Display50MP + 8MP + 2MP | 16MP Front Camera5000 mAh Lithium Polymer BatteryQualcomm Snapdragon 680 Processor1 Year on Handset and 6 Months on Accessories,4.1,11999
211,"POCO C55 (Cool Blue, 64 GB)",4 GB RAM | 64 GB ROM | Expandable Upto 1 TB17.04 cm (6.71 inch) HD+ Display50MP Dual Rear Camera | 5MP Front Camera5000 mAh BatteryMediatek Helio G85 Processor1 Year Manufacturer Warranty for Phone and 6 Months Warranty for In the Box Accessories,4.2,7499
212,"POCO C55 (Forest Green, 64 GB)",4 GB RAM | 64 GB ROM | Expandable Upto 1 TB17.04 cm (6.71 inch) HD+ Display50MP Dual Rear Camera | 5MP Front Camera5000 mAh BatteryMediatek Helio G85 Processor1 Year Manufacturer Warranty for Phone and 6 Months Warranty for In the Box Accessories,4.2,7499
213,"MOTOROLA e13 (Cosmic Black, 64 GB)",4 GB RAM | 64 GB ROM | Expandable Upto 1 TB16.51 cm (6.5 inch) HD+ Display13MP Rear Camera | 5MP Front Camera5000 mAh BatteryUnisoc T606 Processor1 Year on Handset and 6 Months on Accessories,4,7299
214,"MOTOROLA e32 (Arctic Blue, 64 GB)",4 GB RAM | 64 GB ROM | Expandable Upto 1 TB16.51 cm (6.5 inch) HD+ Display50MP + 2MP | 8MP Front Camera5000 mAh BatteryMediatek Helio G37 Processor1 Year on Handset and 6 Months on Accessories,3.9,7999
215,"MOTOROLA e13 (Aurora Green, 64 GB)",4 GB RAM | 64 GB ROM | Expandable Upto 1 TB16.51 cm (6.5 inch) HD+ Display13MP Rear Camera | 5MP Front Camera5000 mAh BatteryUnisoc T606 Processor1 Year on Handset and 6 Months on Accessories,4,7299
216,"POCO C51 (Power Black, 64 GB)",4 GB RAM | 64 GB ROM | Expandable Upto 1 TB16.56 cm (6.52 inch) HD+ Display8MP Dual Rear Camera | 5MP Front Camera5000 mAh BatteryHelio G36 Processor1 Year Manufacturer Warranty for Phone and 6 Months Warranty for in the Box Accessories,4.1,6499
217,"POCO C51 (Royal Blue, 64 GB)",4 GB RAM | 64 GB ROM | Expandable Upto 1 TB16.56 cm (6.52 inch) HD+ Display8MP Dual Rear Camera | 5MP Front Camera5000 mAh BatteryHelio G36 Processor1 Year Manufacturer Warranty for Phone and 6 Months Warranty for in the Box Accessories,4.1,6499
218,"vivo T2x 5G (Aurora Gold, 128 GB)",6 GB RAM | 128 GB ROM16.71 cm (6.58 inch) Full HD+ Display50MP + 2MP | 8MP Front Camera5000 mAh BatteryDimensity 6020 Processor1 Year of Device & 6 Months for Inbox Accessories,4.4,13999
219,"POCO C50 (Royal Blue, 32 GB)","2 GB RAM | 32 GB ROM | Expandable Upto 512 GB16.56 cm (6.52 inch) HD+ Display8MP Dual Camera | 5MP Front Camera5000 mAh Lithium Polymer BatteryMediatek Helio A22 Processor, Upto 2.0 GHz Processor1 Year Manufacturer Warranty for Phone and 6 Months Warranty for In the Box Accessories",4.2,5499
220,"vivo T2x 5G (Marine Blue, 128 GB)",6 GB RAM | 128 GB ROM16.71 cm (6.58 inch) Full HD+ Display50MP + 2MP | 8MP Front Camera5000 mAh BatteryDimensity 6020 Processor1 Year of Device & 6 Months for Inbox Accessories,4.4,13999
221,"vivo T2x 5G (Glimmer Black, 128 GB)",6 GB RAM | 128 GB ROM16.71 cm (6.58 inch) Full HD+ Display50MP + 2MP | 8MP Front Camera5000 mAh BatteryDimensity 6020 Processor1 Year of Device & 6 Months for Inbox Accessories,4.4,13999
222,"vivo T2x 5G (Glimmer Black, 128 GB)",4 GB RAM | 128 GB ROM16.71 cm (6.58 inch) Full HD+ Display50MP + 2MP | 8MP Front Camera5000 mAh BatteryDimensity 6020 Processor1 Year of Device & 6 Months for Inbox Accessories,4.4,12999
223,"vivo T2x 5G (Aurora Gold, 128 GB)",4 GB RAM | 128 GB ROM16.71 cm (6.58 inch) Full HD+ Display50MP + 2MP | 8MP Front Camera5000 mAh BatteryDimensity 6020 Processor1 Year of Device & 6 Months for Inbox Accessories,4.4,12999
224,"Infinix SMART 7 (Azure Blue, 64 GB)",4 GB RAM | 64 GB ROM | Expandable Upto 2 TB16.76 cm (6.6 inch) HD+ Display13MP + AI Lens | 5MP Front Camera6000 mAh BatteryUnisoc Spreadtrum SC9863A1 Processor1 Year on Handset and 6 Months on Accessories,4.3,6999
225,"Infinix SMART 7 (Night Black, 128 GB)",4 GB RAM | 128 GB ROM | Expandable Upto 512 GB16.76 cm (6.6 inch) HD+ Display13MP + AI Lens | 5MP Front Camera6000 mAh BatteryUnisoc Spreadtrum SC9863A1 Processor1 Year on Handset and 6 Months on Accessories,4.3,7599
226,"Infinix SMART 7 (Emerald Green, 128 GB)",4 GB RAM | 128 GB ROM | Expandable Upto 512 GB16.76 cm (6.6 inch) HD+ Display13MP + AI Lens | 5MP Front Camera6000 mAh BatteryUnisoc Spreadtrum SC9863A1 Processor1 Year on Handset and 6 Months on Accessories,4.3,7599
227,"Infinix SMART 7 (Emerald Green, 64 GB)",4 GB RAM | 64 GB ROM | Expandable Upto 2 TB16.76 cm (6.6 inch) HD+ Display13MP + AI Lens | 5MP Front Camera6000 mAh BatteryUnisoc Spreadtrum SC9863A1 Processor1 Year on Handset and 6 Months on Accessories,4.3,6999
228,"POCO C55 (Cool Blue, 128 GB)",6 GB RAM | 128 GB ROM | Expandable Upto 1 TB17.04 cm (6.71 inch) HD+ Display50MP Dual Rear Camera | 5MP Front Camera5000 mAh BatteryMediatek Helio G85 Processor1 Year Manufacturer Warranty for Phone and 6 Months Warranty for In the Box Accessories,4.2,8499
229,"Infinix SMART 7 (Azure Blue, 128 GB)",4 GB RAM | 128 GB ROM | Expandable Upto 512 GB16.76 cm (6.6 inch) HD+ Display13MP + AI Lens | 5MP Front Camera6000 mAh BatteryUnisoc Spreadtrum SC9863A1 Processor1 Year on Handset and 6 Months on Accessories,4.3,7599
230,"POCO M6 Pro 5G (Power Black, 64 GB)",4 GB RAM | 64 GB ROM | Expandable Upto 1 TB17.25 cm (6.79 inch) Full HD+ Display50MP + 2MP | 8MP Front Camera5000 mAh BatterySnapdragon 4 Gen 2 Processor1 Year Manufacturer Warranty for Phone and 6 Months Warranty for In the Box Accessories,4.5,10999
231,"POCO C55 (Power Black, 128 GB)",6 GB RAM | 128 GB ROM | Expandable Upto 1 TB17.04 cm (6.71 inch) HD+ Display50MP Dual Rear Camera | 5MP Front Camera5000 mAh BatteryMediatek Helio G85 Processor1 Year Manufacturer Warranty for Phone and 6 Months Warranty for In the Box Accessories,4.2,8499
232,"Infinix SMART 7 (Night Black, 64 GB)",4 GB RAM | 64 GB ROM | Expandable Upto 2 TB16.76 cm (6.6 inch) HD+ Display13MP + AI Lens | 5MP Front Camera6000 mAh BatteryUnisoc Spreadtrum SC9863A1 Processor1 Year on Handset and 6 Months on Accessories,4.3,6999
233,"POCO C55 (Forest Green, 128 GB)",6 GB RAM | 128 GB ROM | Expandable Upto 1 TB17.04 cm (6.71 inch) HD+ Display50MP Dual Rear Camera | 5MP Front Camera5000 mAh BatteryMediatek Helio G85 Processor1 Year Manufacturer Warranty for Phone and 6 Months Warranty for In the Box Accessories,4.2,8499
234,"MOTOROLA G32 (Mineral Gray, 128 GB)",8 GB RAM | 128 GB ROM16.51 cm (6.5 inch) Full HD+ Display50MP + 8MP + 2MP | 16MP Front Camera5000 mAh Lithium Polymer BatteryQualcomm Snapdragon 680 Processor1 Year on Handset and 6 Months on Accessories,4.1,11999
235,"POCO C55 (Cool Blue, 64 GB)",4 GB RAM | 64 GB ROM | Expandable Upto 1 TB17.04 cm (6.71 inch) HD+ Display50MP Dual Rear Camera | 5MP Front Camera5000 mAh BatteryMediatek Helio G85 Processor1 Year Manufacturer Warranty for Phone and 6 Months Warranty for In the Box Accessories,4.2,7499
236,"POCO C55 (Forest Green, 64 GB)",4 GB RAM | 64 GB ROM | Expandable Upto 1 TB17.04 cm (6.71 inch) HD+ Display50MP Dual Rear Camera | 5MP Front Camera5000 mAh BatteryMediatek Helio G85 Processor1 Year Manufacturer Warranty for Phone and 6 Months Warranty for In the Box Accessories,4.2,7499
237,"MOTOROLA e13 (Cosmic Black, 64 GB)",4 GB RAM | 64 GB ROM | Expandable Upto 1 TB16.51 cm (6.5 inch) HD+ Display13MP Rear Camera | 5MP Front Camera5000 mAh BatteryUnisoc T606 Processor1 Year on Handset and 6 Months on Accessories,4,7299
238,"MOTOROLA e32 (Arctic Blue, 64 GB)",4 GB RAM | 64 GB ROM | Expandable Upto 1 TB16.51 cm (6.5 inch) HD+ Display50MP + 2MP | 8MP Front Camera5000 mAh BatteryMediatek Helio G37 Processor1 Year on Handset and 6 Months on Accessories,3.9,7999
239,"MOTOROLA e13 (Aurora Green, 64 GB)",4 GB RAM | 64 GB ROM | Expandable Upto 1 TB16.51 cm (6.5 inch) HD+ Display13MP Rear Camera | 5MP Front Camera5000 mAh BatteryUnisoc T606 Processor1 Year on Handset and 6 Months on Accessories,4,7299
